name,prior_mean,prior_stdev,prior_lower_bound,prior_upper_bound,post_mean,post_stdev,post_lower_bound,post_upper_bound
CONST_RECH10__CN,0,0.0672113,-0.134423,0.134423,0,0.0671696,-0.134339,0.134339
CONST_RECH11__CN,0,0.0672113,-0.134423,0.134423,0,0.0671363,-0.134273,0.134273
CONST_RECH12__CN,0,0.0672113,-0.134423,0.134423,0,0.0669732,-0.133946,0.133946
CONST_RECH13__CN,0,0.0672113,-0.134423,0.134423,0,0.0665483,-0.133097,0.133097
CONST_RECH14__CN,0,0.0672113,-0.134423,0.134423,0,0.0656461,-0.131292,0.131292
CONST_RECH15__CN,0,0.0672113,-0.134423,0.134423,0,0.0646428,-0.129286,0.129286
CONST_RECH16__CN,0,0.0672113,-0.134423,0.134423,0,0.0650248,-0.13005,0.13005
CONST_RECH17__CN,0,0.0672113,-0.134423,0.134423,0,0.0656821,-0.131364,0.131364
CONST_RECH18__CN,0,0.0672113,-0.134423,0.134423,0,0.066513,-0.133026,0.133026
CONST_RECH19__CN,0,0.0672113,-0.134423,0.134423,0,0.0669945,-0.133989,0.133989
CONST_RECH20__CN,0,0.0672113,-0.134423,0.134423,0,0.067136,-0.134272,0.134272
CONST_RECH21__CN,0,0.0672113,-0.134423,0.134423,0,0.0671708,-0.134342,0.134342
CONST_RECH22__CN,0,0.0672113,-0.134423,0.134423,0,0.0671594,-0.134319,0.134319
CONST_RECH23__CN,0,0.0672113,-0.134423,0.134423,0,0.0670751,-0.13415,0.13415
CONST_RECH24__CN,0,0.0672113,-0.134423,0.134423,0,0.0668026,-0.133605,0.133605
CONST_RECH25__CN,0,0.0672113,-0.134423,0.134423,0,0.0662276,-0.132455,0.132455
CONST_RECH26__CN,0,0.0672113,-0.134423,0.134423,0,0.0655147,-0.131029,0.131029
CONST_RECH2__CN,0,0.0672113,-0.134423,0.134423,0,0.0637648,-0.12753,0.12753
CONST_RECH3__CN,0,0.0672113,-0.134423,0.134423,0,0.0647808,-0.129562,0.129562
CONST_RECH4__CN,0,0.0672113,-0.134423,0.134423,0,0.0644074,-0.128815,0.128815
CONST_RECH5__CN,0,0.0672113,-0.134423,0.134423,0,0.06491,-0.12982,0.12982
CONST_RECH6__CN,0,0.0672113,-0.134423,0.134423,0,0.066071,-0.132142,0.132142
CONST_RECH7__CN,0,0.0672113,-0.134423,0.134423,0,0.0667311,-0.133462,0.133462
CONST_RECH8__CN,0,0.0672113,-0.134423,0.134423,0,0.0670633,-0.134127,0.134127
CONST_RECH9__CN,0,0.0672113,-0.134423,0.134423,0,0.0671532,-0.134306,0.134306
GC0000390005,0,0.5,-1,1,0,0.499563,-0.999126,0.999126
GC0000390006,0,0.5,-1,1,0,0.499567,-0.999134,0.999134
GC0000390007,0,0.5,-1,1,0,0.499576,-0.999153,0.999153
GC0000390008,0,0.5,-1,1,0,0.499567,-0.999135,0.999135
GC0000390009,0,0.5,-1,1,0,0.499577,-0.999155,0.999155
GC0000390010,0,0.5,-1,1,0,0.499573,-0.999147,0.999147
GC0000390011,0,0.5,-1,1,0,0.499587,-0.999174,0.999174
GC0000390012,0,0.5,-1,1,0,0.499597,-0.999194,0.999194
GC0000390013,0,0.5,-1,1,0,0.4996,-0.999199,0.999199
GC0000390014,0,0.5,-1,1,0,0.499594,-0.999188,0.999188
GC0100390005,0,0.5,-1,1,0,0.499505,-0.999009,0.999009
GC0100390006,0,0.5,-1,1,0,0.49951,-0.999019,0.999019
GC0100390007,0,0.5,-1,1,0,0.49951,-0.99902,0.99902
GC0100390008,0,0.5,-1,1,0,0.499515,-0.99903,0.99903
GC0100390009,0,0.5,-1,1,0,0.499527,-0.999054,0.999054
GC0100390010,0,0.5,-1,1,0,0.499525,-0.99905,0.99905
GC0100390011,0,0.5,-1,1,0,0.499544,-0.999088,0.999088
GC0100390012,0,0.5,-1,1,0,0.499545,-0.99909,0.99909
GC0100390013,0,0.5,-1,1,0,0.499554,-0.999109,0.999109
GC0100390014,0,0.5,-1,1,0,0.49867,-0.99734,0.99734
GC0200000000,0,0.5,-1,1,0,0.49938,-0.998759,0.998759
GC0200000001,0,0.5,-1,1,0,0.499325,-0.998651,0.998651
GC0200000002,0,0.5,-1,1,0,0.499228,-0.998456,0.998456
GC0200000003,0,0.5,-1,1,0,0.498895,-0.997791,0.997791
GC0200000004,0,0.5,-1,1,0,0.49865,-0.9973,0.9973
GC0200000005,0,0.5,-1,1,0,0.498166,-0.996332,0.996332
GC0200000006,0,0.5,-1,1,0,0.497591,-0.995181,0.995181
GC0200000007,0,0.5,-1,1,0,0.4967,-0.993399,0.993399
GC0200000008,0,0.5,-1,1,0,0.495622,-0.991245,0.991245
GC0200000009,0,0.5,-1,1,0,0.494718,-0.989435,0.989435
GC0200000010,0,0.5,-1,1,0,0.494813,-0.989625,0.989625
GC0200000011,0,0.5,-1,1,0,0.495166,-0.990332,0.990332
GC0200000012,0,0.5,-1,1,0,0.495254,-0.990509,0.990509
GC0200000013,0,0.5,-1,1,0,0.494592,-0.989184,0.989184
GC0200000014,0,0.5,-1,1,0,0.493161,-0.986321,0.986321
GC0200000015,0,0.5,-1,1,0,0.491654,-0.983309,0.983309
GC0200000016,0,0.5,-1,1,0,0.492007,-0.984014,0.984014
GC0200000017,0,0.5,-1,1,0,0.492988,-0.985975,0.985975
GC0200000018,0,0.5,-1,1,0,0.493789,-0.987577,0.987577
GC0200000019,0,0.5,-1,1,0,0.49418,-0.98836,0.98836
GC0200390005,0,0.5,-1,1,0,0.499334,-0.998669,0.998669
GC0200390006,0,0.5,-1,1,0,0.499342,-0.998684,0.998684
GC0200390007,0,0.5,-1,1,0,0.499338,-0.998677,0.998677
GC0200390008,0,0.5,-1,1,0,0.499349,-0.998698,0.998698
GC0200390009,0,0.5,-1,1,0,0.49936,-0.998719,0.998719
GC0200390010,0,0.5,-1,1,0,0.499381,-0.998762,0.998762
GC0200390011,0,0.5,-1,1,0,0.499396,-0.998791,0.998791
GC0200390012,0,0.5,-1,1,0,0.499409,-0.998818,0.998818
GC0200390013,0,0.5,-1,1,0,0.498547,-0.997094,0.997094
GC0200390014,0,0.5,-1,1,0,0.498553,-0.997107,0.997107
HK000,0,0.5,-1,1,0,0.499989,-0.999978,0.999978
HK001,0,0.5,-1,1,0,0.499983,-0.999966,0.999966
HK002,0,0.5,-1,1,0,0.499983,-0.999967,0.999967
HK003,0,0.5,-1,1,0,0.499982,-0.999963,0.999963
HK004,0,0.5,-1,1,0,0.499993,-0.999987,0.999987
HK005,0,0.5,-1,1,0,0.49998,-0.99996,0.99996
HK006,0,0.5,-1,1,0,0.499977,-0.999954,0.999954
HK007,0,0.5,-1,1,0,0.499982,-0.999964,0.999964
HK008,0,0.5,-1,1,0,0.499988,-0.999977,0.999977
HK009,0,0.5,-1,1,0,0.499981,-0.999963,0.999963
HK010,0,0.5,-1,1,0,0.499984,-0.999968,0.999968
HK011,0,0.5,-1,1,0,0.49998,-0.999959,0.999959
HK012,0,0.5,-1,1,0,0.499988,-0.999976,0.999976
HK013,0,0.5,-1,1,0,0.499991,-0.999983,0.999983
HK014,0,0.5,-1,1,0,0.499978,-0.999956,0.999956
HK015,0,0.5,-1,1,0,0.499988,-0.999975,0.999975
HK016,0,0.5,-1,1,0,0.499989,-0.999977,0.999977
HK017,0,0.5,-1,1,0,0.499983,-0.999967,0.999967
HK018,0,0.5,-1,1,0,0.499993,-0.999987,0.999987
HK019,0,0.5,-1,1,0,0.499992,-0.999985,0.999985
HK020,0,0.5,-1,1,0,0.499993,-0.999985,0.999985
HK021,0,0.5,-1,1,0,0.499993,-0.999985,0.999985
HK022,0,0.5,-1,1,0,0.49999,-0.99998,0.99998
HK023,0,0.5,-1,1,0,0.499994,-0.999988,0.999988
HK024,0,0.5,-1,1,0,0.499992,-0.999984,0.999984
HK025,0,0.5,-1,1,0,0.499992,-0.999983,0.999983
HK026,0,0.5,-1,1,0,0.499992,-0.999985,0.999985
HK027,0,0.5,-1,1,0,0.499994,-0.999988,0.999988
HK028,0,0.5,-1,1,0,0.499992,-0.999983,0.999983
HK029,0,0.5,-1,1,0,0.499987,-0.999974,0.999974
HK030,0,0.5,-1,1,0,0.499987,-0.999975,0.999975
HK031,0,0.5,-1,1,0,0.499991,-0.999981,0.999981
HK100,0,0.5,-1,1,0,0.499997,-0.999995,0.999995
HK101,0,0.5,-1,1,0,0.499996,-0.999993,0.999993
HK102,0,0.5,-1,1,0,0.499996,-0.999991,0.999991
HK103,0,0.5,-1,1,0,0.499996,-0.999991,0.999991
HK104,0,0.5,-1,1,0,0.499998,-0.999997,0.999997
HK105,0,0.5,-1,1,0,0.499996,-0.999992,0.999992
HK106,0,0.5,-1,1,0,0.499995,-0.999991,0.999991
HK107,0,0.5,-1,1,0,0.499996,-0.999991,0.999991
HK108,0,0.5,-1,1,0,0.499997,-0.999993,0.999993
HK109,0,0.5,-1,1,0,0.499996,-0.999991,0.999991
HK110,0,0.5,-1,1,0,0.499996,-0.999992,0.999992
HK111,0,0.5,-1,1,0,0.499995,-0.999991,0.999991
HK112,0,0.5,-1,1,0,0.499996,-0.999993,0.999993
HK113,0,0.5,-1,1,0,0.499997,-0.999994,0.999994
HK114,0,0.5,-1,1,0,0.499995,-0.999991,0.999991
HK115,0,0.5,-1,1,0,0.499997,-0.999995,0.999995
HK116,0,0.5,-1,1,0,0.499997,-0.999995,0.999995
HK117,0,0.5,-1,1,0,0.499995,-0.999991,0.999991
HK118,0,0.5,-1,1,0,0.499997,-0.999995,0.999995
HK119,0,0.5,-1,1,0,0.499998,-0.999997,0.999997
HK120,0,0.5,-1,1,0,0.499998,-0.999996,0.999996
HK121,0,0.5,-1,1,0,0.499997,-0.999994,0.999994
HK122,0,0.5,-1,1,0,0.499997,-0.999994,0.999994
HK123,0,0.5,-1,1,0,0.499998,-0.999996,0.999996
HK124,0,0.5,-1,1,0,0.5,-0.999999,0.999999
HK125,0,0.5,-1,1,0,0.499997,-0.999994,0.999994
HK126,0,0.5,-1,1,0,0.499997,-0.999994,0.999994
HK127,0,0.5,-1,1,0,0.499998,-0.999997,0.999997
HK128,0,0.5,-1,1,0,0.5,-1,1
HK129,0,0.5,-1,1,0,0.499996,-0.999992,0.999992
HK130,0,0.5,-1,1,0,0.499997,-0.999993,0.999993
HK131,0,0.5,-1,1,0,0.499998,-0.999997,0.999997
HK200,0,0.5,-1,1,0,0.497078,-0.994157,0.994157
HK201,0,0.5,-1,1,0,0.4819,-0.963799,0.963799
HK202,0,0.5,-1,1,0,0.459998,-0.919997,0.919997
HK203,0,0.5,-1,1,0,0.464887,-0.929775,0.929775
HK204,0,0.5,-1,1,0,0.49439,-0.98878,0.98878
HK205,0,0.5,-1,1,0,0.463421,-0.926841,0.926841
HK206,0,0.5,-1,1,0,0.420131,-0.840263,0.840263
HK207,0,0.5,-1,1,0,0.437261,-0.874523,0.874523
HK208,0,0.5,-1,1,0,0.492769,-0.985537,0.985537
HK209,0,0.5,-1,1,0,0.452312,-0.904624,0.904624
HK210,0,0.5,-1,1,0,0.480533,-0.961066,0.961066
HK211,0,0.5,-1,1,0,0.474873,-0.949745,0.949745
HK212,0,0.5,-1,1,0,0.473162,-0.946324,0.946324
HK213,0,0.5,-1,1,0,0.489862,-0.979724,0.979724
HK214,0,0.5,-1,1,0,0.449528,-0.899056,0.899056
HK215,0,0.5,-1,1,0,0.465603,-0.931206,0.931206
HK216,0,0.5,-1,1,0,0.471122,-0.942245,0.942245
HK217,0,0.5,-1,1,0,0.448997,-0.897995,0.897995
HK218,0,0.5,-1,1,0,0.487419,-0.974839,0.974839
HK219,0,0.5,-1,1,0,0.474422,-0.948843,0.948843
HK220,0,0.5,-1,1,0,0.490624,-0.981248,0.981248
HK221,0,0.5,-1,1,0,0.460886,-0.921771,0.921771
HK222,0,0.5,-1,1,0,0.431211,-0.862422,0.862422
HK223,0,0.5,-1,1,0,0.485788,-0.971577,0.971577
HK224,0,0.5,-1,1,0,0.479834,-0.959668,0.959668
HK225,0,0.5,-1,1,0,0.48004,-0.960079,0.960079
HK226,0,0.5,-1,1,0,0.479009,-0.958019,0.958019
HK227,0,0.5,-1,1,0,0.48299,-0.96598,0.96598
HK228,0,0.5,-1,1,0,0.468566,-0.937132,0.937132
HK229,0,0.5,-1,1,0,0.472401,-0.944802,0.944802
HK230,0,0.5,-1,1,0,0.478377,-0.956755,0.956755
HK231,0,0.5,-1,1,0,0.462713,-0.925426,0.925426
PRSITY000,0,0.11928,-0.238561,0.238561,0,0.11928,-0.238561,0.238561
PRSITY001,0,0.11928,-0.238561,0.238561,0,0.11928,-0.238561,0.238561
PRSITY002,0,0.11928,-0.238561,0.238561,0,0.11928,-0.238561,0.238561
PRSITY003,0,0.11928,-0.238561,0.238561,0,0.11928,-0.238561,0.238561
PRSITY004,0,0.11928,-0.238561,0.238561,0,0.11928,-0.238561,0.238561
PRSITY005,0,0.11928,-0.238561,0.238561,0,0.11928,-0.238561,0.238561
PRSITY006,0,0.11928,-0.238561,0.238561,0,0.11928,-0.238561,0.238561
PRSITY007,0,0.11928,-0.238561,0.238561,0,0.11928,-0.238561,0.238561
PRSITY008,0,0.11928,-0.238561,0.238561,0,0.11928,-0.238561,0.238561
PRSITY009,0,0.11928,-0.238561,0.238561,0,0.11928,-0.238561,0.238561
PRSITY010,0,0.11928,-0.238561,0.238561,0,0.11928,-0.238561,0.238561
PRSITY011,0,0.11928,-0.238561,0.238561,0,0.11928,-0.238561,0.238561
PRSITY012,0,0.11928,-0.238561,0.238561,0,0.11928,-0.238561,0.238561
PRSITY013,0,0.11928,-0.238561,0.238561,0,0.11928,-0.238561,0.238561
PRSITY014,0,0.11928,-0.238561,0.238561,0,0.11928,-0.238561,0.238561
PRSITY015,0,0.11928,-0.238561,0.238561,0,0.11928,-0.238561,0.238561
PRSITY016,0,0.11928,-0.238561,0.238561,0,0.11928,-0.238561,0.238561
PRSITY017,0,0.11928,-0.238561,0.238561,0,0.11928,-0.238561,0.238561
PRSITY018,0,0.11928,-0.238561,0.238561,0,0.11928,-0.238561,0.238561
PRSITY019,0,0.11928,-0.238561,0.238561,0,0.11928,-0.238561,0.238561
PRSITY020,0,0.11928,-0.238561,0.238561,0,0.11928,-0.238561,0.238561
PRSITY021,0,0.11928,-0.238561,0.238561,0,0.11928,-0.238561,0.238561
PRSITY022,0,0.11928,-0.238561,0.238561,0,0.11928,-0.238561,0.238561
PRSITY023,0,0.11928,-0.238561,0.238561,0,0.11928,-0.238561,0.238561
PRSITY024,0,0.11928,-0.238561,0.238561,0,0.11928,-0.238561,0.238561
PRSITY025,0,0.11928,-0.238561,0.238561,0,0.11928,-0.238561,0.238561
PRSITY026,0,0.11928,-0.238561,0.238561,0,0.11928,-0.238561,0.238561
PRSITY027,0,0.11928,-0.238561,0.238561,0,0.11928,-0.238561,0.238561
PRSITY028,0,0.11928,-0.238561,0.238561,0,0.11928,-0.238561,0.238561
PRSITY029,0,0.11928,-0.238561,0.238561,0,0.11928,-0.238561,0.238561
PRSITY030,0,0.11928,-0.238561,0.238561,0,0.11928,-0.238561,0.238561
PRSITY031,0,0.11928,-0.238561,0.238561,0,0.11928,-0.238561,0.238561
PRSITY100,0,0.11928,-0.238561,0.238561,0,0.11928,-0.238561,0.238561
PRSITY101,0,0.11928,-0.238561,0.238561,0,0.11928,-0.238561,0.238561
PRSITY102,0,0.11928,-0.238561,0.238561,0,0.11928,-0.238561,0.238561
PRSITY103,0,0.11928,-0.238561,0.238561,0,0.11928,-0.238561,0.238561
PRSITY104,0,0.11928,-0.238561,0.238561,0,0.11928,-0.238561,0.238561
PRSITY105,0,0.11928,-0.238561,0.238561,0,0.11928,-0.238561,0.238561
PRSITY106,0,0.11928,-0.238561,0.238561,0,0.11928,-0.238561,0.238561
PRSITY107,0,0.11928,-0.238561,0.238561,0,0.11928,-0.238561,0.238561
PRSITY108,0,0.11928,-0.238561,0.238561,0,0.11928,-0.238561,0.238561
PRSITY109,0,0.11928,-0.238561,0.238561,0,0.11928,-0.238561,0.238561
PRSITY110,0,0.11928,-0.238561,0.238561,0,0.11928,-0.238561,0.238561
PRSITY111,0,0.11928,-0.238561,0.238561,0,0.11928,-0.238561,0.238561
PRSITY112,0,0.11928,-0.238561,0.238561,0,0.11928,-0.238561,0.238561
PRSITY113,0,0.11928,-0.238561,0.238561,0,0.11928,-0.238561,0.238561
PRSITY114,0,0.11928,-0.238561,0.238561,0,0.11928,-0.238561,0.238561
PRSITY115,0,0.11928,-0.238561,0.238561,0,0.11928,-0.238561,0.238561
PRSITY116,0,0.11928,-0.238561,0.238561,0,0.11928,-0.238561,0.238561
PRSITY117,0,0.11928,-0.238561,0.238561,0,0.11928,-0.238561,0.238561
PRSITY118,0,0.11928,-0.238561,0.238561,0,0.11928,-0.238561,0.238561
PRSITY119,0,0.11928,-0.238561,0.238561,0,0.11928,-0.238561,0.238561
PRSITY120,0,0.11928,-0.238561,0.238561,0,0.11928,-0.238561,0.238561
PRSITY121,0,0.11928,-0.238561,0.238561,0,0.11928,-0.238561,0.238561
PRSITY122,0,0.11928,-0.238561,0.238561,0,0.11928,-0.238561,0.238561
PRSITY123,0,0.11928,-0.238561,0.238561,0,0.11928,-0.238561,0.238561
PRSITY124,0,0.11928,-0.238561,0.238561,0,0.11928,-0.238561,0.238561
PRSITY125,0,0.11928,-0.238561,0.238561,0,0.11928,-0.238561,0.238561
PRSITY126,0,0.11928,-0.238561,0.238561,0,0.11928,-0.238561,0.238561
PRSITY127,0,0.11928,-0.238561,0.238561,0,0.11928,-0.238561,0.238561
PRSITY128,0,0.11928,-0.238561,0.238561,0,0.11928,-0.238561,0.238561
PRSITY129,0,0.11928,-0.238561,0.238561,0,0.11928,-0.238561,0.238561
PRSITY130,0,0.11928,-0.238561,0.238561,0,0.11928,-0.238561,0.238561
PRSITY131,0,0.11928,-0.238561,0.238561,0,0.11928,-0.238561,0.238561
PRSITY200,0,0.11928,-0.238561,0.238561,0,0.11928,-0.238561,0.238561
PRSITY201,0,0.11928,-0.238561,0.238561,0,0.11928,-0.238561,0.238561
PRSITY202,0,0.11928,-0.238561,0.238561,0,0.11928,-0.238561,0.238561
PRSITY203,0,0.11928,-0.238561,0.238561,0,0.11928,-0.238561,0.238561
PRSITY204,0,0.11928,-0.238561,0.238561,0,0.11928,-0.238561,0.238561
PRSITY205,0,0.11928,-0.238561,0.238561,0,0.11928,-0.238561,0.238561
PRSITY206,0,0.11928,-0.238561,0.238561,0,0.11928,-0.238561,0.238561
PRSITY207,0,0.11928,-0.238561,0.238561,0,0.11928,-0.238561,0.238561
PRSITY208,0,0.11928,-0.238561,0.238561,0,0.11928,-0.238561,0.238561
PRSITY209,0,0.11928,-0.238561,0.238561,0,0.11928,-0.238561,0.238561
PRSITY210,0,0.11928,-0.238561,0.238561,0,0.11928,-0.238561,0.238561
PRSITY211,0,0.11928,-0.238561,0.238561,0,0.11928,-0.238561,0.238561
PRSITY212,0,0.11928,-0.238561,0.238561,0,0.11928,-0.238561,0.238561
PRSITY213,0,0.11928,-0.238561,0.238561,0,0.11928,-0.238561,0.238561
PRSITY214,0,0.11928,-0.238561,0.238561,0,0.11928,-0.238561,0.238561
PRSITY215,0,0.11928,-0.238561,0.238561,0,0.11928,-0.238561,0.238561
PRSITY216,0,0.11928,-0.238561,0.238561,0,0.11928,-0.238561,0.238561
PRSITY217,0,0.11928,-0.238561,0.238561,0,0.11928,-0.238561,0.238561
PRSITY218,0,0.11928,-0.238561,0.238561,0,0.11928,-0.238561,0.238561
PRSITY219,0,0.11928,-0.238561,0.238561,0,0.11928,-0.238561,0.238561
PRSITY220,0,0.11928,-0.238561,0.238561,0,0.11928,-0.238561,0.238561
PRSITY221,0,0.11928,-0.238561,0.238561,0,0.11928,-0.238561,0.238561
PRSITY222,0,0.11928,-0.238561,0.238561,0,0.11928,-0.238561,0.238561
PRSITY223,0,0.11928,-0.238561,0.238561,0,0.11928,-0.238561,0.238561
PRSITY224,0,0.11928,-0.238561,0.238561,0,0.11928,-0.238561,0.238561
PRSITY225,0,0.11928,-0.238561,0.238561,0,0.11928,-0.238561,0.238561
PRSITY226,0,0.11928,-0.238561,0.238561,0,0.11928,-0.238561,0.238561
PRSITY227,0,0.11928,-0.238561,0.238561,0,0.11928,-0.238561,0.238561
PRSITY228,0,0.11928,-0.238561,0.238561,0,0.11928,-0.238561,0.238561
PRSITY229,0,0.11928,-0.238561,0.238561,0,0.11928,-0.238561,0.238561
PRSITY230,0,0.11928,-0.238561,0.238561,0,0.11928,-0.238561,0.238561
PRSITY231,0,0.11928,-0.238561,0.238561,0,0.11928,-0.238561,0.238561
RECH000,0,0.0672113,-0.134423,0.134423,0,0.0670987,-0.134197,0.134197
RECH001,0,0.0672113,-0.134423,0.134423,0,0.0670655,-0.134131,0.134131
RECH002,0,0.0672113,-0.134423,0.134423,0,0.0670523,-0.134105,0.134105
RECH003,0,0.0672113,-0.134423,0.134423,0,0.0670054,-0.134011,0.134011
RECH004,0,0.0672113,-0.134423,0.134423,0,0.0670331,-0.134066,0.134066
RECH005,0,0.0672113,-0.134423,0.134423,0,0.0671076,-0.134215,0.134215
RECH006,0,0.0672113,-0.134423,0.134423,0,0.0671214,-0.134243,0.134243
RECH007,0,0.0672113,-0.134423,0.134423,0,0.0670883,-0.134177,0.134177
RECH008,0,0.0672113,-0.134423,0.134423,0,0.0669322,-0.133864,0.133864
RECH009,0,0.0672113,-0.134423,0.134423,0,0.0671147,-0.134229,0.134229
RECH010,0,0.0672113,-0.134423,0.134423,0,0.0671118,-0.134224,0.134224
RECH011,0,0.0672113,-0.134423,0.134423,0,0.0670155,-0.134031,0.134031
RECH012,0,0.0672113,-0.134423,0.134423,0,0.0670945,-0.134189,0.134189
RECH013,0,0.0672113,-0.134423,0.134423,0,0.0671143,-0.134229,0.134229
RECH014,0,0.0672113,-0.134423,0.134423,0,0.0670747,-0.134149,0.134149
RECH015,0,0.0672113,-0.134423,0.134423,0,0.0671338,-0.134268,0.134268
RECH016,0,0.0672113,-0.134423,0.134423,0,0.0671129,-0.134226,0.134226
RECH017,0,0.0672113,-0.134423,0.134423,0,0.0670591,-0.134118,0.134118
RECH018,0,0.0672113,-0.134423,0.134423,0,0.0671451,-0.13429,0.13429
RECH019,0,0.0672113,-0.134423,0.134423,0,0.0671332,-0.134266,0.134266
RECH020,0,0.0672113,-0.134423,0.134423,0,0.0670851,-0.13417,0.13417
RECH021,0,0.0672113,-0.134423,0.134423,0,0.0670602,-0.13412,0.13412
RECH022,0,0.0672113,-0.134423,0.134423,0,0.0670986,-0.134197,0.134197
RECH023,0,0.0672113,-0.134423,0.134423,0,0.0671645,-0.134329,0.134329
RECH024,0,0.0672113,-0.134423,0.134423,0,0.0671071,-0.134214,0.134214
RECH025,0,0.0672113,-0.134423,0.134423,0,0.067083,-0.134166,0.134166
RECH026,0,0.0672113,-0.134423,0.134423,0,0.0671268,-0.134254,0.134254
RECH027,0,0.0672113,-0.134423,0.134423,0,0.0671628,-0.134326,0.134326
RECH028,0,0.0672113,-0.134423,0.134423,0,0.0670939,-0.134188,0.134188
RECH029,0,0.0672113,-0.134423,0.134423,0,0.0670344,-0.134069,0.134069
RECH030,0,0.0672113,-0.134423,0.134423,0,0.0670755,-0.134151,0.134151
RECH031,0,0.0672113,-0.134423,0.134423,0,0.0670836,-0.134167,0.134167
SS000,0,0.5,-1,1,0,0.499997,-0.999994,0.999994
SS001,0,0.5,-1,1,0,0.499997,-0.999994,0.999994
SS002,0,0.5,-1,1,0,0.499997,-0.999994,0.999994
SS003,0,0.5,-1,1,0,0.499996,-0.999991,0.999991
SS004,0,0.5,-1,1,0,0.499997,-0.999994,0.999994
SS005,0,0.5,-1,1,0,0.499996,-0.999993,0.999993
SS006,0,0.5,-1,1,0,0.499997,-0.999993,0.999993
SS007,0,0.5,-1,1,0,0.499996,-0.999991,0.999991
SS008,0,0.5,-1,1,0,0.499994,-0.999989,0.999989
SS009,0,0.5,-1,1,0,0.499996,-0.999993,0.999993
SS010,0,0.5,-1,1,0,0.499996,-0.999993,0.999993
SS011,0,0.5,-1,1,0,0.499995,-0.999989,0.999989
SS012,0,0.5,-1,1,0,0.499996,-0.999992,0.999992
SS013,0,0.5,-1,1,0,0.499996,-0.999993,0.999993
SS014,0,0.5,-1,1,0,0.499995,-0.999991,0.999991
SS015,0,0.5,-1,1,0,0.499997,-0.999994,0.999994
SS016,0,0.5,-1,1,0,0.499997,-0.999994,0.999994
SS017,0,0.5,-1,1,0,0.499995,-0.99999,0.99999
SS018,0,0.5,-1,1,0,0.499996,-0.999993,0.999993
SS019,0,0.5,-1,1,0,0.499997,-0.999994,0.999994
SS020,0,0.5,-1,1,0,0.499997,-0.999994,0.999994
SS021,0,0.5,-1,1,0,0.499995,-0.999991,0.999991
SS022,0,0.5,-1,1,0,0.499996,-0.999992,0.999992
SS023,0,0.5,-1,1,0,0.499997,-0.999994,0.999994
SS024,0,0.5,-1,1,0,0.499996,-0.999992,0.999992
SS025,0,0.5,-1,1,0,0.499996,-0.999991,0.999991
SS026,0,0.5,-1,1,0,0.499996,-0.999992,0.999992
SS027,0,0.5,-1,1,0,0.499997,-0.999994,0.999994
SS028,0,0.5,-1,1,0,0.499996,-0.999993,0.999993
SS029,0,0.5,-1,1,0,0.499996,-0.999992,0.999992
SS030,0,0.5,-1,1,0,0.499997,-0.999993,0.999993
SS031,0,0.5,-1,1,0,0.499996,-0.999993,0.999993
SS100,0,0.5,-1,1,0,0.499997,-0.999994,0.999994
SS101,0,0.5,-1,1,0,0.499997,-0.999994,0.999994
SS102,0,0.5,-1,1,0,0.499997,-0.999994,0.999994
SS103,0,0.5,-1,1,0,0.499996,-0.999991,0.999991
SS104,0,0.5,-1,1,0,0.499997,-0.999994,0.999994
SS105,0,0.5,-1,1,0,0.499996,-0.999993,0.999993
SS106,0,0.5,-1,1,0,0.499997,-0.999993,0.999993
SS107,0,0.5,-1,1,0,0.499996,-0.999991,0.999991
SS108,0,0.5,-1,1,0,0.499994,-0.999989,0.999989
SS109,0,0.5,-1,1,0,0.499996,-0.999993,0.999993
SS110,0,0.5,-1,1,0,0.499996,-0.999993,0.999993
SS111,0,0.5,-1,1,0,0.499995,-0.99999,0.99999
SS112,0,0.5,-1,1,0,0.499995,-0.999991,0.999991
SS113,0,0.5,-1,1,0,0.499996,-0.999991,0.999991
SS114,0,0.5,-1,1,0,0.499995,-0.99999,0.99999
SS115,0,0.5,-1,1,0,0.499996,-0.999992,0.999992
SS116,0,0.5,-1,1,0,0.499995,-0.99999,0.99999
SS117,0,0.5,-1,1,0,0.499995,-0.99999,0.99999
SS118,0,0.5,-1,1,0,0.499996,-0.999992,0.999992
SS119,0,0.5,-1,1,0,0.499995,-0.99999,0.99999
SS120,0,0.5,-1,1,0,0.499995,-0.999989,0.999989
SS121,0,0.5,-1,1,0,0.499995,-0.999989,0.999989
SS122,0,0.5,-1,1,0,0.499993,-0.999987,0.999987
SS123,0,0.5,-1,1,0,0.499996,-0.999992,0.999992
SS124,0,0.5,-1,1,0,0.499995,-0.999989,0.999989
SS125,0,0.5,-1,1,0,0.499995,-0.999989,0.999989
SS126,0,0.5,-1,1,0,0.499994,-0.999989,0.999989
SS127,0,0.5,-1,1,0,0.499995,-0.999991,0.999991
SS128,0,0.5,-1,1,0,0.499995,-0.999989,0.999989
SS129,0,0.5,-1,1,0,0.499995,-0.999989,0.999989
SS130,0,0.5,-1,1,0,0.499995,-0.99999,0.99999
SS131,0,0.5,-1,1,0,0.499994,-0.999988,0.999988
SS200,0,0.5,-1,1,0,0.499988,-0.999975,0.999975
SS201,0,0.5,-1,1,0,0.499983,-0.999967,0.999967
SS202,0,0.5,-1,1,0,0.499978,-0.999956,0.999956
SS203,0,0.5,-1,1,0,0.499972,-0.999944,0.999944
SS204,0,0.5,-1,1,0,0.499985,-0.99997,0.99997
SS205,0,0.5,-1,1,0,0.499985,-0.999969,0.999969
SS206,0,0.5,-1,1,0,0.499979,-0.999958,0.999958
SS207,0,0.5,-1,1,0,0.49997,-0.999939,0.999939
SS208,0,0.5,-1,1,0,0.499981,-0.999961,0.999961
SS209,0,0.5,-1,1,0,0.499975,-0.99995,0.99995
SS210,0,0.5,-1,1,0,0.499968,-0.999936,0.999936
SS211,0,0.5,-1,1,0,0.499979,-0.999957,0.999957
SS212,0,0.5,-1,1,0,0.499962,-0.999924,0.999924
SS213,0,0.5,-1,1,0,0.499965,-0.999929,0.999929
SS214,0,0.5,-1,1,0,0.499979,-0.999958,0.999958
SS215,0,0.5,-1,1,0,0.499974,-0.999948,0.999948
SS216,0,0.5,-1,1,0,0.499966,-0.999932,0.999932
SS217,0,0.5,-1,1,0,0.499974,-0.999948,0.999948
SS218,0,0.5,-1,1,0,0.499977,-0.999955,0.999955
SS219,0,0.5,-1,1,0,0.499973,-0.999947,0.999947
SS220,0,0.5,-1,1,0,0.499959,-0.999917,0.999917
SS221,0,0.5,-1,1,0,0.49997,-0.999939,0.999939
SS222,0,0.5,-1,1,0,0.49997,-0.999939,0.999939
SS223,0,0.5,-1,1,0,0.499979,-0.999958,0.999958
SS224,0,0.5,-1,1,0,0.499971,-0.999941,0.999941
SS225,0,0.5,-1,1,0,0.499974,-0.999947,0.999947
SS226,0,0.5,-1,1,0,0.499977,-0.999954,0.999954
SS227,0,0.5,-1,1,0,0.499978,-0.999955,0.999955
SS228,0,0.5,-1,1,0,0.49997,-0.999939,0.999939
SS229,0,0.5,-1,1,0,0.49997,-0.999939,0.999939
SS230,0,0.5,-1,1,0,0.499969,-0.999937,0.999937
SS231,0,0.5,-1,1,0,0.49997,-0.999939,0.999939
SY000,0,0.211275,-0.422549,0.422549,0,0.21064,-0.42128,0.42128
SY001,0,0.211275,-0.422549,0.422549,0,0.210219,-0.420437,0.420437
SY002,0,0.211275,-0.422549,0.422549,0,0.209933,-0.419865,0.419865
SY003,0,0.211275,-0.422549,0.422549,0,0.209667,-0.419334,0.419334
SY004,0,0.211275,-0.422549,0.422549,0,0.209969,-0.419938,0.419938
SY005,0,0.211275,-0.422549,0.422549,0,0.210296,-0.420591,0.420591
SY006,0,0.211275,-0.422549,0.422549,0,0.210254,-0.420509,0.420509
SY007,0,0.211275,-0.422549,0.422549,0,0.20997,-0.419941,0.419941
SY008,0,0.211275,-0.422549,0.422549,0,0.209113,-0.418226,0.418226
SY009,0,0.211275,-0.422549,0.422549,0,0.209991,-0.419982,0.419982
SY010,0,0.211275,-0.422549,0.422549,0,0.209941,-0.419882,0.419882
SY011,0,0.211275,-0.422549,0.422549,0,0.209986,-0.419972,0.419972
SY012,0,0.211275,-0.422549,0.422549,0,0.20944,-0.41888,0.41888
SY013,0,0.211275,-0.422549,0.422549,0,0.210072,-0.420145,0.420145
SY014,0,0.211275,-0.422549,0.422549,0,0.210383,-0.420765,0.420765
SY015,0,0.211275,-0.422549,0.422549,0,0.210203,-0.420406,0.420406
SY016,0,0.211275,-0.422549,0.422549,0,0.210093,-0.420185,0.420185
SY017,0,0.211275,-0.422549,0.422549,0,0.209746,-0.419492,0.419492
SY018,0,0.211275,-0.422549,0.422549,0,0.210349,-0.420697,0.420697
SY019,0,0.211275,-0.422549,0.422549,0,0.210089,-0.420178,0.420178
SY020,0,0.211275,-0.422549,0.422549,0,0.209678,-0.419356,0.419356
SY021,0,0.211275,-0.422549,0.422549,0,0.209361,-0.418723,0.418723
SY022,0,0.211275,-0.422549,0.422549,0,0.209423,-0.418846,0.418846
SY023,0,0.211275,-0.422549,0.422549,0,0.210507,-0.421013,0.421013
SY024,0,0.211275,-0.422549,0.422549,0,0.210069,-0.420137,0.420137
SY025,0,0.211275,-0.422549,0.422549,0,0.209796,-0.419591,0.419591
SY026,0,0.211275,-0.422549,0.422549,0,0.210062,-0.420124,0.420124
SY027,0,0.211275,-0.422549,0.422549,0,0.210601,-0.421201,0.421201
SY028,0,0.211275,-0.422549,0.422549,0,0.210087,-0.420173,0.420173
SY029,0,0.211275,-0.422549,0.422549,0,0.209665,-0.41933,0.41933
SY030,0,0.211275,-0.422549,0.422549,0,0.210023,-0.420045,0.420045
SY031,0,0.211275,-0.422549,0.422549,0,0.210206,-0.420412,0.420412
SY100,0,0.211275,-0.422549,0.422549,0,0.211275,-0.422549,0.422549
SY101,0,0.211275,-0.422549,0.422549,0,0.211275,-0.422549,0.422549
SY102,0,0.211275,-0.422549,0.422549,0,0.211275,-0.422549,0.422549
SY103,0,0.211275,-0.422549,0.422549,0,0.211275,-0.422549,0.422549
SY104,0,0.211275,-0.422549,0.422549,0,0.211275,-0.422549,0.422549
SY105,0,0.211275,-0.422549,0.422549,0,0.211275,-0.422549,0.422549
SY106,0,0.211275,-0.422549,0.422549,0,0.211275,-0.422549,0.422549
SY107,0,0.211275,-0.422549,0.422549,0,0.211275,-0.422549,0.422549
SY108,0,0.211275,-0.422549,0.422549,0,0.211275,-0.422549,0.422549
SY109,0,0.211275,-0.422549,0.422549,0,0.211275,-0.422549,0.422549
SY110,0,0.211275,-0.422549,0.422549,0,0.211275,-0.422549,0.422549
SY111,0,0.211275,-0.422549,0.422549,0,0.211275,-0.422549,0.422549
SY112,0,0.211275,-0.422549,0.422549,0,0.211275,-0.422549,0.422549
SY113,0,0.211275,-0.422549,0.422549,0,0.211275,-0.422549,0.422549
SY114,0,0.211275,-0.422549,0.422549,0,0.211275,-0.422549,0.422549
SY115,0,0.211275,-0.422549,0.422549,0,0.211275,-0.422549,0.422549
SY116,0,0.211275,-0.422549,0.422549,0,0.211275,-0.422549,0.422549
SY117,0,0.211275,-0.422549,0.422549,0,0.211275,-0.422549,0.422549
SY118,0,0.211275,-0.422549,0.422549,0,0.211275,-0.422549,0.422549
SY119,0,0.211275,-0.422549,0.422549,0,0.211275,-0.422549,0.422549
SY120,0,0.211275,-0.422549,0.422549,0,0.211275,-0.422549,0.422549
SY121,0,0.211275,-0.422549,0.422549,0,0.211275,-0.422549,0.422549
SY122,0,0.211275,-0.422549,0.422549,0,0.211275,-0.422549,0.422549
SY123,0,0.211275,-0.422549,0.422549,0,0.211275,-0.422549,0.422549
SY124,0,0.211275,-0.422549,0.422549,0,0.211275,-0.422549,0.422549
SY125,0,0.211275,-0.422549,0.422549,0,0.211275,-0.422549,0.422549
SY126,0,0.211275,-0.422549,0.422549,0,0.211275,-0.422549,0.422549
SY127,0,0.211275,-0.422549,0.422549,0,0.211275,-0.422549,0.422549
SY128,0,0.211275,-0.422549,0.422549,0,0.211275,-0.422549,0.422549
SY129,0,0.211275,-0.422549,0.422549,0,0.211275,-0.422549,0.422549
SY130,0,0.211275,-0.422549,0.422549,0,0.211275,-0.422549,0.422549
SY131,0,0.211275,-0.422549,0.422549,0,0.211275,-0.422549,0.422549
SY200,0,0.211275,-0.422549,0.422549,0,0.211275,-0.422549,0.422549
SY201,0,0.211275,-0.422549,0.422549,0,0.211275,-0.422549,0.422549
SY202,0,0.211275,-0.422549,0.422549,0,0.211275,-0.422549,0.422549
SY203,0,0.211275,-0.422549,0.422549,0,0.211275,-0.422549,0.422549
SY204,0,0.211275,-0.422549,0.422549,0,0.211275,-0.422549,0.422549
SY205,0,0.211275,-0.422549,0.422549,0,0.211275,-0.422549,0.422549
SY206,0,0.211275,-0.422549,0.422549,0,0.211275,-0.422549,0.422549
SY207,0,0.211275,-0.422549,0.422549,0,0.211275,-0.422549,0.422549
SY208,0,0.211275,-0.422549,0.422549,0,0.211275,-0.422549,0.422549
SY209,0,0.211275,-0.422549,0.422549,0,0.211275,-0.422549,0.422549
SY210,0,0.211275,-0.422549,0.422549,0,0.211275,-0.422549,0.422549
SY211,0,0.211275,-0.422549,0.422549,0,0.211275,-0.422549,0.422549
SY212,0,0.211275,-0.422549,0.422549,0,0.211275,-0.422549,0.422549
SY213,0,0.211275,-0.422549,0.422549,0,0.211275,-0.422549,0.422549
SY214,0,0.211275,-0.422549,0.422549,0,0.211275,-0.422549,0.422549
SY215,0,0.211275,-0.422549,0.422549,0,0.211275,-0.422549,0.422549
SY216,0,0.211275,-0.422549,0.422549,0,0.211275,-0.422549,0.422549
SY217,0,0.211275,-0.422549,0.422549,0,0.211275,-0.422549,0.422549
SY218,0,0.211275,-0.422549,0.422549,0,0.211275,-0.422549,0.422549
SY219,0,0.211275,-0.422549,0.422549,0,0.211275,-0.422549,0.422549
SY220,0,0.211275,-0.422549,0.422549,0,0.211275,-0.422549,0.422549
SY221,0,0.211275,-0.422549,0.422549,0,0.211275,-0.422549,0.422549
SY222,0,0.211275,-0.422549,0.422549,0,0.211275,-0.422549,0.422549
SY223,0,0.211275,-0.422549,0.422549,0,0.211275,-0.422549,0.422549
SY224,0,0.211275,-0.422549,0.422549,0,0.211275,-0.422549,0.422549
SY225,0,0.211275,-0.422549,0.422549,0,0.211275,-0.422549,0.422549
SY226,0,0.211275,-0.422549,0.422549,0,0.211275,-0.422549,0.422549
SY227,0,0.211275,-0.422549,0.422549,0,0.211275,-0.422549,0.422549
SY228,0,0.211275,-0.422549,0.422549,0,0.211275,-0.422549,0.422549
SY229,0,0.211275,-0.422549,0.422549,0,0.211275,-0.422549,0.422549
SY230,0,0.211275,-0.422549,0.422549,0,0.211275,-0.422549,0.422549
SY231,0,0.211275,-0.422549,0.422549,0,0.211275,-0.422549,0.422549
VKA100,0,0.5,-1,1,0,0.499985,-0.999969,0.999969
VKA101,0,0.5,-1,1,0,0.49999,-0.999979,0.999979
VKA102,0,0.5,-1,1,0,0.499984,-0.999968,0.999968
VKA103,0,0.5,-1,1,0,0.49592,-0.991839,0.991839
VKA104,0,0.5,-1,1,0,0.499991,-0.999981,0.999981
VKA105,0,0.5,-1,1,0,0.499996,-0.999992,0.999992
VKA106,0,0.5,-1,1,0,0.499992,-0.999983,0.999983
VKA107,0,0.5,-1,1,0,0.499216,-0.998431,0.998431
VKA108,0,0.5,-1,1,0,0.49999,-0.99998,0.99998
VKA109,0,0.5,-1,1,0,0.499993,-0.999986,0.999986
VKA110,0,0.5,-1,1,0,0.499704,-0.999409,0.999409
VKA111,0,0.5,-1,1,0,0.499981,-0.999963,0.999963
VKA112,0,0.5,-1,1,0,0.499973,-0.999946,0.999946
VKA113,0,0.5,-1,1,0,0.499745,-0.999491,0.999491
VKA114,0,0.5,-1,1,0,0.499968,-0.999936,0.999936
VKA115,0,0.5,-1,1,0,0.499985,-0.999971,0.999971
VKA116,0,0.5,-1,1,0,0.499702,-0.999405,0.999405
VKA117,0,0.5,-1,1,0,0.499987,-0.999973,0.999973
VKA118,0,0.5,-1,1,0,0.499979,-0.999957,0.999957
VKA119,0,0.5,-1,1,0,0.499982,-0.999965,0.999965
VKA120,0,0.5,-1,1,0,0.49932,-0.99864,0.99864
VKA121,0,0.5,-1,1,0,0.499986,-0.999971,0.999971
VKA122,0,0.5,-1,1,0,0.49999,-0.999979,0.999979
VKA123,0,0.5,-1,1,0,0.499988,-0.999976,0.999976
VKA124,0,0.5,-1,1,0,0.499629,-0.999258,0.999258
VKA125,0,0.5,-1,1,0,0.499985,-0.999971,0.999971
VKA126,0,0.5,-1,1,0,0.499989,-0.999978,0.999978
VKA127,0,0.5,-1,1,0,0.499991,-0.999982,0.999982
VKA128,0,0.5,-1,1,0,0.499467,-0.998934,0.998934
VKA129,0,0.5,-1,1,0,0.499941,-0.999882,0.999882
VKA130,0,0.5,-1,1,0,0.499945,-0.999889,0.999889
VKA131,0,0.5,-1,1,0,0.499246,-0.998492,0.998492
WELFLUX_000,0,0.5,-1,1,0,0.106879,-0.213759,0.213759
WELFLUX_001,0,0.5,-1,1,0,0.453079,-0.906158,0.906158
WELFLUX_002,0,0.5,-1,1,0,0.443037,-0.886074,0.886074
WELFLUX_003,0,0.5,-1,1,0,0.384468,-0.768935,0.768935
WELFLUX_004,0,0.5,-1,1,0,0.348412,-0.696824,0.696824
WELFLUX_005,0,0.5,-1,1,0,0.360642,-0.721284,0.721284
WELFLUX_006,0,0.5,-1,1,0,0.405103,-0.810207,0.810207
WELFLUX_007,0,0.5,-1,1,0,0.41284,-0.82568,0.82568
WELFLUX_008,0,0.5,-1,1,0,0.377654,-0.755308,0.755308
WELFLUX_009,0,0.5,-1,1,0,0.330114,-0.660228,0.660228
WELFLUX_010,0,0.5,-1,1,0,0.280109,-0.560218,0.560218
WELFLUX_011,0,0.5,-1,1,0,0.310774,-0.621548,0.621548
WELFLUX_012,0,0.5,-1,1,0,0.37689,-0.75378,0.75378
WELFLUX_013,0,0.5,-1,1,0,0.434572,-0.869143,0.869143
WELFLUX_014,0,0.5,-1,1,0,0.459784,-0.919568,0.919568
WELFLUX_015,0,0.5,-1,1,0,0.434629,-0.869258,0.869258
WELFLUX_016,0,0.5,-1,1,0,0.381916,-0.763831,0.763831
WELFLUX_017,0,0.5,-1,1,0,0.364058,-0.728115,0.728115
WELFLUX_018,0,0.5,-1,1,0,0.30137,-0.60274,0.60274
WELFLUX_019,0,0.5,-1,1,0,0.24375,-0.487501,0.487501
WELFLUX_020,0,0.5,-1,1,0,0.222134,-0.444268,0.444268
WELFLUX_021,0,0.5,-1,1,0,0.238821,-0.477642,0.477642
WELFLUX_022,0,0.5,-1,1,0,0.274465,-0.548931,0.548931
WELFLUX_023,0,0.5,-1,1,0,0.347037,-0.694073,0.694073
WELFLUX_024,0,0.5,-1,1,0,0.422894,-0.845788,0.845788
